iteration,verticalPosition,verticalWidth,horizontalWidth,r,g,b,a,blinkFrequency,volume,objective_true,objective_observed,error_applied,error_magnitude,acquisition,fit_time_sec,seed,run_id,error_model,jitter_std
1,0.8125477333023334,0.9486069004847877,0.8878428451225968,0.6126035949952959,0.6500831424556127,0.936776722698131,0.5026326522827873,0.9106142091913831,0.8985347143760232,4.642348918882767,4.642348918882767,False,0.0,ucb,0.0,7,54a46c4c-6e99-47aa-ad28-4465113c4340,gaussian,0.2
2,0.7339674764218604,0.6515162134096568,0.6392128060503867,0.6274347938270624,0.7225381529413233,0.7522741294789766,0.7767486760372462,0.9977501417171963,0.8963309596068765,4.901187335650902,4.901187335650902,False,0.0,ucb,0.0,7,54a46c4c-6e99-47aa-ad28-4465113c4340,gaussian,0.2
3,0.8110896147205813,0.9944800738409425,0.6076543491177995,0.5801060169289223,0.8062698021365153,0.5219710039806917,0.5178401393867981,0.7574444101356852,0.7331030126626445,4.846585625863891,4.846585625863891,False,0.0,ucb,0.0,7,54a46c4c-6e99-47aa-ad28-4465113c4340,gaussian,0.2
4,0.9585838865964261,0.8146131272455053,0.7570588232997569,0.7484367176967521,0.6237574610136654,0.505897012771253,0.5962010719926554,0.8460160604409196,0.6003033619934977,5.151354851216365,5.151354851216365,False,0.0,ucb,0.0,7,54a46c4c-6e99-47aa-ad28-4465113c4340,gaussian,0.2
5,0.6847681553011034,0.5018671210260379,0.9150238649008728,0.5772305405307199,0.6337996522818927,0.9401660769904143,0.7548954049342116,0.9235751231829347,0.8198585834712631,4.404703455402656,4.404703455402656,False,0.0,ucb,0.0,7,54a46c4c-6e99-47aa-ad28-4465113c4340,gaussian,0.2
6,0.9281368494289292,0.816281380969369,0.8426898691893201,0.695588332086815,0.6940593216637273,0.5783409968319901,0.5702540362631736,0.8121058463799844,0.6710054831177621,4.9590124846685555,4.9590124846685555,False,0.0,ucb,0.007602599973324686,7,54a46c4c-6e99-47aa-ad28-4465113c4340,gaussian,0.2
7,0.986135485818918,0.7880757026724702,0.7715641939008203,0.8370258033109386,0.5937034159554904,0.7349845448962765,0.5609545086180385,0.9593704842635559,0.7499071326411233,5.13784175135727,5.13784175135727,False,0.0,ucb,0.009373800014145672,7,54a46c4c-6e99-47aa-ad28-4465113c4340,gaussian,0.2
8,0.8790392605466328,0.74040172279386,0.6179485324963157,0.974845274907256,0.5402820145881302,0.635002058094253,0.602723024958737,0.8047120653303812,0.7316444249636258,5.120550958473041,5.120550958473041,False,0.0,ucb,0.027897799969650805,7,54a46c4c-6e99-47aa-ad28-4465113c4340,gaussian,0.2
9,0.9566028112635938,0.6056118675459745,0.6017337597307796,0.9519623129764563,0.8185939159580187,0.531804912227302,0.6302439906801582,0.99000117882195,0.7512932703279092,5.2456369648869785,5.2456369648869785,False,0.0,ucb,0.01665149995824322,7,54a46c4c-6e99-47aa-ad28-4465113c4340,gaussian,0.2
10,0.9934512344154426,0.7945927010827413,0.7181604783842143,0.8530876282173325,0.7921266490085519,0.5517965914719547,0.8977802776864703,0.9356430983118567,0.5982137051695212,5.163504170740926,5.163504170740926,False,0.0,ucb,0.015120199997909367,7,54a46c4c-6e99-47aa-ad28-4465113c4340,gaussian,0.2
11,0.9930579121997577,0.6540342080599204,0.5319743323690346,0.8251409544532958,0.8469920696104242,0.5016971812227549,0.9317388106808377,0.9582676180332017,0.9713281281234254,5.020120254194532,5.020120254194532,False,0.0,ucb,0.012137899990193546,7,54a46c4c-6e99-47aa-ad28-4465113c4340,gaussian,0.2
12,0.9724910811268977,0.936896204564595,0.5416840696176459,0.8523052120616668,0.7045308409174937,0.8436319016141517,0.5712174825924324,0.9787831335987447,0.6528162447072205,5.250315997332018,5.250315997332018,False,0.0,ucb,0.012082400033250451,7,54a46c4c-6e99-47aa-ad28-4465113c4340,gaussian,0.2
13,0.7894076690991225,0.972935050060816,0.6377029487694916,0.995537810607513,0.6381123512863842,0.578056081986329,0.5428030043545327,0.9793999540290718,0.6866508006555603,5.120328952892754,5.120328952892754,False,0.0,ucb,0.011483400012366474,7,54a46c4c-6e99-47aa-ad28-4465113c4340,gaussian,0.2
14,0.9273607000631903,0.7665124566873522,0.5211310130580745,0.8659501653204522,0.6647217227764893,0.5283832493069764,0.6068775791455568,0.9744613251796213,0.514875624354548,5.249842843520868,5.249842843520868,False,0.0,ucb,0.013551599986385554,7,54a46c4c-6e99-47aa-ad28-4465113c4340,gaussian,0.2
15,0.9861809954948264,0.5803950889186849,0.6048020349247203,0.9355673547826208,0.8974896606170639,0.8670913984605291,0.6634050817699614,0.8846152829134024,0.502246780383109,5.1488674985823275,5.1488674985823275,False,0.0,ucb,0.016095799976028502,7,54a46c4c-6e99-47aa-ad28-4465113c4340,gaussian,0.2
16,0.9606223365070716,0.7908673526941072,0.5895633018990333,0.8685158165324429,0.5003834562493851,0.9113206653436412,0.733016458234181,0.9850254791057954,0.611572894618143,5.2144869823025015,5.2144869823025015,False,0.0,ucb,0.01852590002818033,7,54a46c4c-6e99-47aa-ad28-4465113c4340,gaussian,0.2
17,0.989193675681068,0.8719323131060739,0.6143634211798745,0.8409359050883787,0.828152639308431,0.9244376662280477,0.8333963671443445,0.9904137110636941,0.5172069063837219,5.212617063492069,5.212617063492069,False,0.0,ucb,0.014815800008364022,7,54a46c4c-6e99-47aa-ad28-4465113c4340,gaussian,0.2
18,0.9941322259733436,0.8892248804070791,0.5978326666910558,0.9421158539802728,0.6223664513915714,0.8071024485800734,0.6246853266482801,0.949685550483736,0.581180585960076,5.223751332285607,5.223751332285607,False,0.0,ucb,0.015534100006334484,7,54a46c4c-6e99-47aa-ad28-4465113c4340,gaussian,0.2
19,0.6280861042710753,0.8990119936395642,0.5305266679433234,0.9243186162365273,0.9452383501299195,0.8543710013889095,0.9412855232542907,0.9436910634843074,0.5624178583026088,4.717190210137783,4.717190210137783,False,0.0,ucb,0.016714400029741228,7,54a46c4c-6e99-47aa-ad28-4465113c4340,gaussian,0.2
20,0.9402203189364218,0.5148972941951753,0.6028010172106806,0.9638664128167573,0.5618883389604616,0.6117990918040592,0.5425669510948079,0.9317392616599633,0.5440432027802851,5.272685021963344,5.272685021963344,False,0.0,ucb,0.017766800010576844,7,54a46c4c-6e99-47aa-ad28-4465113c4340,gaussian,0.2
21,0.9697453705236447,0.5923858485411291,0.515574485766631,0.5255791122478706,0.7011988577646293,0.5470809353198656,0.7709586198069471,0.9515975026239495,0.6501748184738918,5.230120086033512,5.254619132879322,True,0.0244990468458091,ucb,0.01846970000769943,7,54a46c4c-6e99-47aa-ad28-4465113c4340,gaussian,0.2
22,0.9902504932018781,0.5620300463095798,0.5298330093472875,0.8300828076846558,0.6871137855857885,0.9567794469957187,0.6309449577079422,0.9827357046237969,0.6811097406692845,5.2161635156497645,5.437710378473701,True,0.2215468628239372,ucb,0.015363899990916252,7,54a46c4c-6e99-47aa-ad28-4465113c4340,gaussian,0.2
23,0.9405854442700763,0.9033626190042392,0.5357779894410358,0.6199053398101426,0.5176632811633746,0.5300774783646591,0.927919304171779,0.9847588701211083,0.5886752637613768,5.261569025203205,5.61940446326484,True,0.35783543806163576,ucb,0.016501499980222434,7,54a46c4c-6e99-47aa-ad28-4465113c4340,gaussian,0.2
24,0.9854068371675953,0.8921686683344768,0.593564036242324,0.6654159760143065,0.535600754152016,0.6949826540864738,0.8776690900976962,0.7699402346646806,0.6580714620324846,5.131751790070648,5.160561151793232,True,0.02880936172258329,ucb,0.014107599970884621,7,54a46c4c-6e99-47aa-ad28-4465113c4340,gaussian,0.2
25,0.9975469686776213,0.5017016517981445,0.6267032279551176,0.8659909406868569,0.5788943808000784,0.9276832489923629,0.5637791202139353,0.9125179489435752,0.8762056193915677,5.158471661933378,5.088594631535942,True,-0.06987703039743523,ucb,0.018557699979282916,7,54a46c4c-6e99-47aa-ad28-4465113c4340,gaussian,0.2
26,0.7848902132446984,0.6619823571588763,0.5245694768140859,0.5318267056508226,0.5282355941616588,0.5950300354007656,0.8343259414622897,0.8699917809648195,0.5167109536086912,5.08039595278303,5.318409717510718,True,0.23801376472768854,ucb,0.018576800008304417,7,54a46c4c-6e99-47aa-ad28-4465113c4340,gaussian,0.2
27,0.9044831281542629,0.9918127575074198,0.5013181812107007,0.7072783626574353,0.6555769379154068,0.508290817814817,0.9295245881598206,0.8877304137362976,0.6501220135929362,5.29628389230245,5.084657522297155,True,-0.21162637000529455,ucb,0.022846799984108657,7,54a46c4c-6e99-47aa-ad28-4465113c4340,gaussian,0.2
28,0.9622867652691227,0.6894373068063107,0.6203861159413997,0.5935252824484252,0.5268086232255313,0.6005267727048252,0.5442971663533032,0.9023232004795494,0.6154884230934872,5.208614480650679,5.365470669896302,True,0.1568561892456226,ucb,0.02204609999898821,7,54a46c4c-6e99-47aa-ad28-4465113c4340,gaussian,0.2
29,0.9436151076162813,0.809587148107264,0.7068683855855464,0.7471609599486442,0.5380466036684193,0.5314478395960913,0.9901322279772546,0.9592648545252405,0.6479830050949223,5.20867431047311,5.125520509464899,True,-0.08315380100821128,ucb,0.022071699961088598,7,54a46c4c-6e99-47aa-ad28-4465113c4340,gaussian,0.2
30,0.9783172726070696,0.7440487287579587,0.5565868473171098,0.5040881848348654,0.6841910743887836,0.5406462607920022,0.8822083188858898,0.8737379113838961,0.5559114297407873,5.2464211291694305,5.105153705855897,True,-0.14126742331353345,ucb,0.021088099980261177,7,54a46c4c-6e99-47aa-ad28-4465113c4340,gaussian,0.2
31,0.6588628360796355,0.503635234403863,0.9719496332671842,0.7427315699268944,0.87545542833812,0.7705474728100796,0.6548293041471553,0.8531964208652254,0.8127066303031769,4.128482191505757,4.334976374501945,True,0.20649418299618813,ucb,0.008108399983029813,7,54a46c4c-6e99-47aa-ad28-4465113c4340,gaussian,0.2
32,0.967948541270498,0.5673831918074599,0.5072237052887846,0.6246786105602301,0.8825165193828408,0.9788088127270614,0.6156639796553025,0.9191796407334232,0.9302032948070693,5.040834201788034,5.185508480950455,True,0.14467427916242181,ucb,0.023272000020369887,7,54a46c4c-6e99-47aa-ad28-4465113c4340,gaussian,0.2
33,0.9388577089845226,0.8976778497327607,0.5091599457827374,0.6369368409696683,0.5785570282662242,0.9203597515899842,0.9239878108710888,0.9529409175061874,0.68871009925506,5.247879424283166,5.167718709849694,True,-0.08016071443347149,ucb,0.03568610001821071,7,54a46c4c-6e99-47aa-ad28-4465113c4340,gaussian,0.2
34,0.9126388608456516,0.6401136977173028,0.5097329833018831,0.5946800168306874,0.561342460861611,0.8074926610977653,0.5307998671116774,0.7544431714098178,0.576783653987122,5.086668466834077,5.250415809175743,True,0.16374734234166594,ucb,0.027787800005171448,7,54a46c4c-6e99-47aa-ad28-4465113c4340,gaussian,0.2
35,0.9580737698966867,0.5794280649008439,0.5019822074730755,0.5266571130047752,0.5355136073247673,0.5086054981425373,0.5791032245130727,0.7783396759598031,0.8778182269173604,5.102569114050943,5.113022793464916,True,0.010453679413973327,ucb,0.03266389999771491,7,54a46c4c-6e99-47aa-ad28-4465113c4340,gaussian,0.2
36,0.9489450345299517,0.6772411846266151,0.5153766610009529,0.804930461490847,0.5242010800220824,0.7345476014675931,0.7215195123195935,0.9977130138209847,0.5941747443760842,5.251803513334774,5.119897501019681,True,-0.1319060123150927,ucb,0.03561020002234727,7,54a46c4c-6e99-47aa-ad28-4465113c4340,gaussian,0.2
37,0.8587740263372585,0.7142157780799805,0.7834265720741713,0.7898997373040324,0.7021886178136298,0.7195498155060974,0.6642572410158729,0.530087430961102,0.8289767110677442,4.643087604947685,4.452276472320494,True,-0.19081113262719146,ucb,0.01547390001360327,7,54a46c4c-6e99-47aa-ad28-4465113c4340,gaussian,0.2
38,0.8046369445042756,0.9062955160740251,0.7039790939433328,0.7244740673849535,0.5262020617908119,0.6802135304200108,0.50819817015258,0.9703663882834488,0.5251163921626445,5.059229946727966,4.722440671151625,True,-0.3367892755763421,ucb,0.04005790001247078,7,54a46c4c-6e99-47aa-ad28-4465113c4340,gaussian,0.2
39,0.9075208195531701,0.638911678419536,0.7605907699043526,0.5516119421086735,0.501970420886983,0.6178619605116189,0.844865306128654,0.6667859623668775,0.9803344605434012,4.451232772921164,4.259542224595613,True,-0.1916905483255506,ucb,0.010926499962806702,7,54a46c4c-6e99-47aa-ad28-4465113c4340,gaussian,0.2
40,0.8975239720036314,0.9401236507755035,0.5541462591897075,0.8675889651122461,0.5136107867999568,0.5722073920904152,0.9997960215428613,0.9254902449811204,0.5083599358719971,5.309167897992546,4.87066418994518,True,-0.43850370804736516,ucb,0.04063469998072833,7,54a46c4c-6e99-47aa-ad28-4465113c4340,gaussian,0.2
41,0.8746819831283871,0.5188508772653032,0.5196622150860969,0.5617780492437212,0.6665991912614168,0.8240552859215093,0.5827857572053867,0.9294857437059851,0.6319351372326005,5.134405025523244,5.075777261418535,True,-0.05862776410470882,ucb,0.04817720002029091,7,54a46c4c-6e99-47aa-ad28-4465113c4340,gaussian,0.2
42,0.8644009744568474,0.759157797541973,0.9140249363834796,0.5687554265025725,0.9042246587023455,0.9064214140174844,0.8006416313947341,0.8294268164914941,0.8231812900763872,4.14945554968339,4.171257993298061,True,0.021802443614671346,ucb,0.011357299983501434,7,54a46c4c-6e99-47aa-ad28-4465113c4340,gaussian,0.2
43,0.9162159602909076,0.8149226039533863,0.5065050969837225,0.9093243097511376,0.9764773402273829,0.7742757723105526,0.563015177091221,0.950249322267616,0.7039465937914351,5.257442981150811,5.555894011180426,True,0.2984510300296141,ucb,0.04173119994811714,7,54a46c4c-6e99-47aa-ad28-4465113c4340,gaussian,0.2
44,0.6913868112510372,0.7647219244964756,0.5118316127451397,0.8358777947543541,0.9188366222018726,0.6574242381130626,0.5265240873830108,0.9819625022772412,0.7148668062324162,4.880439525090369,5.130502735803699,True,0.25006321071332926,ucb,0.044846099975984544,7,54a46c4c-6e99-47aa-ad28-4465113c4340,gaussian,0.2
45,0.8541152893694104,0.8728447585287724,0.5672462727870915,0.9189745770907691,0.928572540611666,0.9211966484351652,0.6632924451137169,0.9817597267364102,0.7486900936967151,5.0783814905558655,4.959345655810399,True,-0.1190358347454663,ucb,0.033244999998714775,7,54a46c4c-6e99-47aa-ad28-4465113c4340,gaussian,0.2
46,0.5276248104632177,0.6682087009029285,0.9515283481663772,0.5750598571946015,0.9853083098147167,0.6368646758449547,0.8800582187209129,0.6528784221720964,0.8826923516020765,3.69934819373544,3.4430714681557757,True,-0.25627672557966447,ucb,0.013449499965645373,7,54a46c4c-6e99-47aa-ad28-4465113c4340,gaussian,0.2
47,0.951855950844614,0.5284241084502732,0.5331335840221366,0.7754208004522122,0.9943795899373482,0.8081588078798603,0.5185246183704033,0.9919325279380489,0.5930455596697684,5.211750946507212,5.110791349955284,True,-0.1009595965519271,ucb,0.052018199989106506,7,54a46c4c-6e99-47aa-ad28-4465113c4340,gaussian,0.2
48,0.9893296113572856,0.7582140474542365,0.5010683055310912,0.9168063939362567,0.6192209536882982,0.5142735254907235,0.5170687057816157,0.881228269424982,0.9067648294471904,5.162850251890939,5.467125515198576,True,0.30427526330763704,ucb,0.029019200010225177,7,54a46c4c-6e99-47aa-ad28-4465113c4340,gaussian,0.2
49,0.9304299432962042,0.9820888939746573,0.5294467248090902,0.91802215350493,0.5948187733551444,0.8791956377119956,0.5121640835324357,0.5310131294616909,0.5023387480173651,5.130568431333589,4.921106451719971,True,-0.20946197961361804,ucb,0.03670100000454113,7,54a46c4c-6e99-47aa-ad28-4465113c4340,gaussian,0.2
50,0.9594793452967444,0.9363301020752631,0.51919174912242,0.9936072207934936,0.8264521359780486,0.802738296589401,0.6012603809241084,0.904904147074807,0.9744431778589422,5.137672420634941,5.158053195050747,True,0.020380774415805974,ucb,0.03485080000245944,7,54a46c4c-6e99-47aa-ad28-4465113c4340,gaussian,0.2
51,0.9859452715402943,0.9908443380899967,0.6576738618651946,0.884525058607378,0.9792610669309054,0.6426112984929426,0.5865513586312106,0.8807167733125355,0.6991536606463877,5.188110615079385,5.366498101973107,True,0.17838748689372233,ucb,0.03323540004203096,7,54a46c4c-6e99-47aa-ad28-4465113c4340,gaussian,0.2
52,0.9262554981587616,0.7935135335973297,0.5048245191290721,0.9863411029873057,0.8988236622360202,0.5780091601255215,0.5522923593534323,0.9134682863124144,0.9700214559470179,5.215090845959624,4.9132903691642005,True,-0.3018004767954239,ucb,0.02908559999195859,7,54a46c4c-6e99-47aa-ad28-4465113c4340,gaussian,0.2
53,0.9751091622450927,0.9267108079402492,0.5129858252115136,0.6838021710532034,0.5288437735209591,0.6915968972590124,0.5921057458798178,0.9136387715090529,0.946179392812665,4.921661966383298,4.851108969140497,True,-0.07055299724280177,ucb,0.08447149995481595,7,54a46c4c-6e99-47aa-ad28-4465113c4340,gaussian,0.2
54,0.9934235911351446,0.7444314885650997,0.5192291118884242,0.9414668637525991,0.8422823062740176,0.7323627914532549,0.5478743210698235,0.994048156465202,0.7785487975643526,5.2435406746031985,5.240603642625099,True,-0.0029370319780993776,ucb,0.10409340000478551,7,54a46c4c-6e99-47aa-ad28-4465113c4340,gaussian,0.2
55,0.9535677521463578,0.7418749069623078,0.5151020826903023,0.519941239633547,0.5258684377449813,0.5134248650215967,0.6617685272921077,0.97865740467349,0.5238911006298967,5.252946508274329,5.052347861594308,True,-0.20059864668002061,ucb,0.03656450001290068,7,54a46c4c-6e99-47aa-ad28-4465113c4340,gaussian,0.2
56,0.8655645060870483,0.7694199941081115,0.7299545929269423,0.9503642629566802,0.531025280103413,0.931515394804457,0.5195517278743254,0.6427330629278498,0.7586214980269992,4.874546835136499,4.9598261828099375,True,0.08527934767343798,ucb,0.010810000007040799,7,54a46c4c-6e99-47aa-ad28-4465113c4340,gaussian,0.2
57,0.5922422388628632,0.9112343612244261,0.6284779164650922,0.9459999760280197,0.66043925848916,0.5067580596583015,0.5357586122039638,0.5515690219887986,0.7384655062796517,4.552315259002577,4.6052573492024855,True,0.052942090199908955,ucb,0.010850099963136017,7,54a46c4c-6e99-47aa-ad28-4465113c4340,gaussian,0.2
58,0.7215512543062329,0.6316668279629987,0.6670385426097306,0.9600635710962987,0.8609064248900511,0.6211383381328016,0.9381394532725547,0.8084104274351949,0.6925373009015847,4.748853383965774,4.350306356908226,True,-0.39854702705754796,ucb,0.016002600023057312,7,54a46c4c-6e99-47aa-ad28-4465113c4340,gaussian,0.2
59,0.5452927943937297,0.5482696759643992,0.799300178612509,0.8560232139829768,0.8494253377038696,0.9153020517695338,0.9481751757278505,0.7647227855352614,0.9813220595889911,4.571914124644715,4.344837897079669,True,-0.22707622756504553,ucb,0.012503900041338056,7,54a46c4c-6e99-47aa-ad28-4465113c4340,gaussian,0.2
60,0.9402015194025164,0.5700167139122925,0.5152897266654702,0.5967670801261009,0.610054260713423,0.545086947541352,0.8253914615000473,0.9689888225983128,0.6076022616944963,5.233798620068091,5.484213522283539,True,0.25041490221544754,ucb,0.09222729998873547,7,54a46c4c-6e99-47aa-ad28-4465113c4340,gaussian,0.2
61,0.9344081594564806,0.5814292522823574,0.5879152655779386,0.8113340836581142,0.7400603012682582,0.6016884265720841,0.5533675133795741,0.8073489911056924,0.6524116011413954,5.170905285294629,5.692112455655064,True,0.521207170360435,ucb,0.0462732000160031,7,54a46c4c-6e99-47aa-ad28-4465113c4340,gaussian,0.2
62,0.9859523061430433,0.587009429458768,0.5885578684331934,0.7666204178984505,0.6263916955780484,0.5153112986448737,0.7012833091543,0.7685344398761518,0.5264222626095371,5.113903397143328,4.829999763635712,True,-0.28390363350761544,ucb,0.03224989998852834,7,54a46c4c-6e99-47aa-ad28-4465113c4340,gaussian,0.2
63,0.6277667270296301,0.5164778739935623,0.7699546575390859,0.713254794394516,0.8829543021547197,0.659515883899116,0.8381592546532062,0.9470977955043242,0.9983571350013583,4.657979498677938,4.627910959126116,True,-0.0300685395518223,ucb,0.011733499995898455,7,54a46c4c-6e99-47aa-ad28-4465113c4340,gaussian,0.2
64,0.9817329140760642,0.6445662872292688,0.5204168794279538,0.9110596482031925,0.9215478959587133,0.9521557431608355,0.5959540851406079,0.7216881009032019,0.9232253509234469,4.8512397008136,4.673174812484813,True,-0.17806488832878622,ucb,0.010304900002665818,7,54a46c4c-6e99-47aa-ad28-4465113c4340,gaussian,0.2
65,0.6970882661997193,0.675395070207031,0.8414308768501468,0.7118065642140956,0.8690396935516979,0.6190315438677882,0.5706670735759123,0.699265937550102,0.5741874040938564,4.236017971430486,4.368495268213777,True,0.13247729678329073,ucb,0.010859899979550391,7,54a46c4c-6e99-47aa-ad28-4465113c4340,gaussian,0.2
66,0.5891062778593861,0.5566900638747942,0.6924796188265441,0.5866125330595031,0.6402213323459116,0.6321185438791386,0.5419825731015737,0.9992884464204911,0.8431992230903259,4.811630371039088,4.605637442266005,True,-0.20599292877308312,ucb,0.010794200003147125,7,54a46c4c-6e99-47aa-ad28-4465113c4340,gaussian,0.2
67,0.7810760689626906,0.5857974258077319,0.7227410066236638,0.9334750647368597,0.6361371573580779,0.6669438152199387,0.5367555091326344,0.7299683590161299,0.7209458385470278,4.763116473738167,4.974823206541552,True,0.2117067328033846,ucb,0.011026399966794997,7,54a46c4c-6e99-47aa-ad28-4465113c4340,gaussian,0.2
68,0.805937316825659,0.6142712636756205,0.9560661867058439,0.9061871223777567,0.7482484828602602,0.8578250477322883,0.9488584877864652,0.9288009026853337,0.8014732605914465,4.065152407630152,3.90489259887425,True,-0.1602598087559023,ucb,0.013902099977713078,7,54a46c4c-6e99-47aa-ad28-4465113c4340,gaussian,0.2
69,0.5803959175838065,0.7850610183203277,0.9790343731399976,0.6619437834233848,0.5425002175863906,0.5989811645772052,0.7021774139539014,0.7066721538651265,0.900990863292211,4.091147257415813,4.359107543164652,True,0.2679602857488384,ucb,0.01526189997093752,7,54a46c4c-6e99-47aa-ad28-4465113c4340,gaussian,0.2
70,0.8559532927814042,0.6591411327933061,0.517429638083036,0.8139928609337765,0.7840191623102558,0.5954648627213196,0.5080251589769,0.7191189868708847,0.636778277836276,4.741001792785639,5.079487292836376,True,0.3384855000507371,ucb,0.0599742999766022,7,54a46c4c-6e99-47aa-ad28-4465113c4340,gaussian,0.2
71,0.9130996693954461,0.625602459577612,0.867232919665323,0.8845253550510621,0.5334653461642933,0.8228459006226435,0.900182660827355,0.5553635855052952,0.8145037743761266,4.62304260620242,4.85361302499998,True,0.23057041879756027,ucb,0.017445399949792773,7,54a46c4c-6e99-47aa-ad28-4465113c4340,gaussian,0.2
72,0.7933539292556324,0.6522116970194374,0.8830561186652243,0.6207840054816276,0.7445618112331773,0.5346441230267085,0.7268772400858662,0.6087703622174934,0.6092064970204206,4.219518505692975,4.270960191805169,True,0.05144168611219352,ucb,0.012945700029376894,7,54a46c4c-6e99-47aa-ad28-4465113c4340,gaussian,0.2
73,0.6879008262743784,0.5412662524956261,0.7978448777519836,0.894960443038346,0.6403694510460725,0.7844158201501672,0.7648807285268795,0.9980363368034368,0.7105852015091508,4.794360700422896,4.947389554620258,True,0.15302885419736267,ucb,0.014515000046230853,7,54a46c4c-6e99-47aa-ad28-4465113c4340,gaussian,0.2
74,0.5294875490788944,0.5414681275146953,0.6275748093028959,0.5258699173377157,0.7420089521961073,0.8970840088383809,0.9342172486511913,0.9790957722867436,0.9988392384466939,4.77172255505008,4.4665887658151675,True,-0.3051337892349123,ucb,0.013920500001404434,7,54a46c4c-6e99-47aa-ad28-4465113c4340,gaussian,0.2
75,0.9798697604049349,0.8597869629056735,0.9350162444357608,0.8896601301070508,0.542999442061088,0.7711286024048274,0.9000256733472449,0.9609196270969752,0.6701487917922526,4.3049731822508,4.271187372594932,True,-0.03378580965586735,ucb,0.012759800010826439,7,54a46c4c-6e99-47aa-ad28-4465113c4340,gaussian,0.2
76,0.5367138510112761,0.912530989280552,0.7832048557417655,0.9564823922823746,0.5891688291926943,0.7816500865270882,0.6240956969505493,0.9139118557592661,0.7646331462509584,4.777372652155848,4.82237131147913,True,0.044998659323281905,ucb,0.01459809998050332,7,54a46c4c-6e99-47aa-ad28-4465113c4340,gaussian,0.2
77,0.8787754176314619,0.6479991649769259,0.5982658728955165,0.8697159996974269,0.9073456985435804,0.9622158292279965,0.7028900338867183,0.8461243303281887,0.8384663141588746,5.136341081416126,5.119448713264817,True,-0.016892368151308904,ucb,0.010835500026587397,7,54a46c4c-6e99-47aa-ad28-4465113c4340,gaussian,0.2
78,0.5908304553899536,0.5187939876618604,0.698101022309551,0.6677120298155288,0.5577037221576437,0.8321071351059768,0.9870474397599827,0.5372738582283532,0.685763024715824,4.247478601768676,4.445890410706421,True,0.19841180893774565,ucb,0.012143100029788911,7,54a46c4c-6e99-47aa-ad28-4465113c4340,gaussian,0.2
79,0.9892105511058906,0.7051910465864135,0.9595800801735257,0.9638599965220732,0.9807519973872116,0.7798230795410105,0.6004176508533832,0.7149709132784087,0.8033992862552433,4.179778817121155,4.091529802045244,True,-0.0882490150759112,ucb,0.014207299973350018,7,54a46c4c-6e99-47aa-ad28-4465113c4340,gaussian,0.2
80,0.7358857111277158,0.6740606336568615,0.8507498247987246,0.6233977441374284,0.7149917299063857,0.8697532817783062,0.8963936134813819,0.9110473432161621,0.7617241683208259,4.343130909245706,4.252287448146904,True,-0.09084346109880169,ucb,0.013527599978260696,7,54a46c4c-6e99-47aa-ad28-4465113c4340,gaussian,0.2
81,0.9810011223618817,0.6228894432602634,0.9803523447446603,0.8661619319596178,0.8286346895919601,0.7921253251615948,0.7281501141162319,0.5041150308774189,0.8078115861417363,3.7038747932033242,3.7271718413384254,True,0.02329704813510113,ucb,0.016891100036446005,7,54a46c4c-6e99-47aa-ad28-4465113c4340,gaussian,0.2
82,0.8785123170363833,0.8729334675128688,0.6056874289790413,0.9722962826626196,0.9779285613659652,0.544946189610664,0.5347470999491502,0.902675598287422,0.6033848413711191,5.160112518940837,5.59957735556331,True,0.43946483662247404,ucb,0.04865829995833337,7,54a46c4c-6e99-47aa-ad28-4465113c4340,gaussian,0.2
83,0.953819921979131,0.8822007066089493,0.508496408087433,0.9110500908037242,0.8059868900256554,0.7125879680355645,0.5912092381747114,0.9174007409009309,0.5649735295668976,5.262901971969357,5.310124604818555,True,0.04722263284919842,ucb,0.04413110000314191,7,54a46c4c-6e99-47aa-ad28-4465113c4340,gaussian,0.2
84,0.8986066677799502,0.624236532310106,0.5670249326314292,0.7858292610526918,0.7522511706436208,0.5093559577097577,0.5154610765454111,0.8523043715359091,0.733940571868771,5.2320694069590274,5.028408988202051,True,-0.20366041875697638,ucb,0.05258930003037676,7,54a46c4c-6e99-47aa-ad28-4465113c4340,gaussian,0.2
85,0.7400899234504399,0.6712797198933098,0.6819632059409686,0.8461258541714878,0.7868273107293318,0.8279285640282168,0.5036768286679701,0.8086448723456257,0.9650445567042011,4.581846451053572,4.374399057725,True,-0.207447393328572,ucb,0.018551499990280718,7,54a46c4c-6e99-47aa-ad28-4465113c4340,gaussian,0.2
86,0.6678278772093817,0.6847374893616309,0.8069471389294385,0.5621088706666993,0.5085324812459238,0.5156771260371028,0.5042308247144276,0.7666347039440313,0.7452539432489829,4.619995325791398,4.947661373252757,True,0.3276660474613595,ucb,0.017247800016775727,7,54a46c4c-6e99-47aa-ad28-4465113c4340,gaussian,0.2
87,0.7425367522707771,0.7231720003715849,0.9203485825950475,0.7192142392213688,0.9241153161356739,0.5974419068626026,0.5877807868228029,0.5376599156708013,0.9971782227470269,4.361563774946213,4.3349823220010375,True,-0.02658145294517535,ucb,0.012948899995535612,7,54a46c4c-6e99-47aa-ad28-4465113c4340,gaussian,0.2
88,0.85006638144519,0.9710855463912631,0.7357883952479984,0.6757657671512199,0.5680713861770892,0.9825826276913149,0.8147712818160084,0.7151071058093362,0.7533482955952209,4.828342488601261,4.896250425524046,True,0.06790793692278535,ucb,0.012501499964855611,7,54a46c4c-6e99-47aa-ad28-4465113c4340,gaussian,0.2
89,0.7042918788522677,0.7149008496768807,0.9173307517391229,0.9188728108919181,0.5418476834307089,0.6858091441449379,0.7473118611587481,0.7362526359929361,0.8681059611952147,4.329673179780568,4.550679328496985,True,0.2210061487164169,ucb,0.00979049998568371,7,54a46c4c-6e99-47aa-ad28-4465113c4340,gaussian,0.2
90,0.8002159735532011,0.5701564547205615,0.6304238576734462,0.7182883345080685,0.8331435707927862,0.7210660096247188,0.7640786776315517,0.8720893964608891,0.7083415758645089,5.012553452484847,5.19014174063959,True,0.17758828815474306,ucb,0.01426049997098744,7,54a46c4c-6e99-47aa-ad28-4465113c4340,gaussian,0.2
91,0.8625887787202533,0.6557443070081259,0.6856057099195785,0.905401283435024,0.6482797144006944,0.6402449607059706,0.5486084507639947,0.852623110841936,0.8186089236590184,5.09943757837757,5.041471422853937,True,-0.05796615552363249,ucb,0.01292110001668334,7,54a46c4c-6e99-47aa-ad28-4465113c4340,gaussian,0.2
92,0.8754175897864075,0.7772768043763485,0.9688024093725345,0.7655067015019413,0.7495217216195613,0.6858014775586572,0.6092430122214079,0.5511125791025353,0.7286883419482357,3.9572354961763048,3.7084323663418255,True,-0.2488031298344791,ucb,0.015228900010697544,7,54a46c4c-6e99-47aa-ad28-4465113c4340,gaussian,0.2
93,0.7586499693894617,0.9772148192500532,0.8725089864931164,0.8580725887464433,0.6586247145334965,0.6821145445259245,0.5853746751050077,0.5401822128639038,0.7569593728566117,4.474013149231341,4.597188798205763,True,0.12317564897442164,ucb,0.01473620004253462,7,54a46c4c-6e99-47aa-ad28-4465113c4340,gaussian,0.2
94,0.529862924589348,0.6372266831594638,0.640665575721407,0.8848380179796222,0.696020858780306,0.9095010902893574,0.5670266421560878,0.6690594572039961,0.7281800424286162,4.484150440585413,4.529217917039606,True,0.04506747645419258,ucb,0.01670229999581352,7,54a46c4c-6e99-47aa-ad28-4465113c4340,gaussian,0.2
95,0.9311446224467587,0.6248901137080083,0.9282060414315787,0.5691238518933346,0.5437754275207511,0.7115433215026505,0.9555001200479326,0.7849920134173451,0.8528024502759447,4.366488564662482,4.537549491318263,True,0.17106092665578088,ucb,0.014909599965903908,7,54a46c4c-6e99-47aa-ad28-4465113c4340,gaussian,0.2
96,0.6261879274870875,0.9013386320146829,0.5537150639185637,0.5787912285407661,0.6321886298444179,0.8412115420057353,0.9695585450877191,0.9406507256094612,0.6160871382831523,4.809109830304198,5.198730463757235,True,0.38962063345303677,ucb,0.015073200047481805,7,54a46c4c-6e99-47aa-ad28-4465113c4340,gaussian,0.2
97,0.713143496110705,0.549679494193319,0.9049678829329935,0.8910042280873123,0.8076817968030933,0.8518419463274154,0.9279426934624426,0.7364510034074294,0.6575574593165783,3.96444321546809,3.8517140802320977,True,-0.11272913523599265,ucb,0.018068799981847405,7,54a46c4c-6e99-47aa-ad28-4465113c4340,gaussian,0.2
98,0.964136401095219,0.5395338586732307,0.8456483565380687,0.5053064154625249,0.5949143557506943,0.8395403746250698,0.8305194709628791,0.6484564585367445,0.8465782940759494,4.7871628984914,4.478433910024544,True,-0.30872898846685587,ucb,0.01848470000550151,7,54a46c4c-6e99-47aa-ad28-4465113c4340,gaussian,0.2
99,0.6736457393783238,0.5333746267263877,0.9446806515582156,0.7496663826795464,0.664457177796415,0.5742863204940645,0.5549071243201797,0.5354761527214655,0.5948212745273201,4.204821510476403,4.329442040449916,True,0.12462052997351206,ucb,0.017956600000616163,7,54a46c4c-6e99-47aa-ad28-4465113c4340,gaussian,0.2
100,0.7002687852208913,0.9907967632673493,0.9414455035082275,0.8778369175057347,0.9532981164508054,0.570118495765549,0.8241080869682682,0.5965102258398493,0.6280722230770696,4.222485033876182,4.540300533371426,True,0.31781549949524446,ucb,0.01433309999993071,7,54a46c4c-6e99-47aa-ad28-4465113c4340,gaussian,0.2
